benchmark	number	duration	time	rss	heapUsed	heapTotal	nodeVersion	v8Version	bytes	rows
poc	1	211	1349270546870	199049216	2754504	8228352	0.8.11	3.11.10.22	180821863	100000
poc	2	210	1349270547085	199815168	4476920	8228352	0.8.11	3.11.10.22	180821863	100000
poc	3	208	1349270547293	199921664	3315928	8228352	0.8.11	3.11.10.22	180821863	100000
poc	4	209	1349270547502	200224768	4174960	9260288	0.8.11	3.11.10.22	180821863	100000
poc	5	206	1349270547708	200306688	4839824	9260288	0.8.11	3.11.10.22	180821863	100000
poc	6	208	1349270547916	200523776	3455376	9260288	0.8.11	3.11.10.22	180821863	100000
poc	7	208	1349270548124	200548352	4121816	9260288	0.8.11	3.11.10.22	180821863	100000
poc	8	214	1349270548339	205832192	6526984	13454592	0.8.11	3.11.10.22	180821863	100000
poc	9	210	1349270548549	206041088	5174152	13454592	0.8.11	3.11.10.22	180821863	100000
poc	10	211	1349270548760	206188544	3780792	13454592	0.8.11	3.11.10.22	180821863	100000
poc	11	211	1349270548971	206192640	6489912	13454592	0.8.11	3.11.10.22	180821863	100000
poc	12	215	1349270549186	206331904	5061104	13454592	0.8.11	3.11.10.22	180821863	100000
poc	13	215	1349270549401	206340096	3615984	13454592	0.8.11	3.11.10.22	180821863	100000
poc	14	214	1349270549616	206540800	6313168	13454592	0.8.11	3.11.10.22	180821863	100000
poc	15	214	1349270549830	206544896	4894384	13454592	0.8.11	3.11.10.22	180821863	100000
poc	16	214	1349270550044	206618624	3477488	13454592	0.8.11	3.11.10.22	180821863	100000
poc	17	217	1349270550261	206757888	6160152	13454592	0.8.11	3.11.10.22	180821863	100000
poc	18	215	1349270550476	206761984	4735320	13454592	0.8.11	3.11.10.22	180821863	100000
poc	19	214	1349270550690	206770176	3308248	13454592	0.8.11	3.11.10.22	180821863	100000
poc	20	215	1349270550905	206843904	5992360	13454592	0.8.11	3.11.10.22	180821863	100000
poc	21	231	1349270551136	217649152	4563704	13454592	0.8.11	3.11.10.22	180821863	100000
poc	22	218	1349270551354	217788416	3141360	13454592	0.8.11	3.11.10.22	180821863	100000
poc	23	217	1349270551571	217858048	5834288	13454592	0.8.11	3.11.10.22	180821863	100000
poc	24	216	1349270551787	217931776	4403816	13454592	0.8.11	3.11.10.22	180821863	100000
poc	25	216	1349270552003	218005504	7101152	13454592	0.8.11	3.11.10.22	180821863	100000
poc	26	218	1349270552221	218009600	5682792	13454592	0.8.11	3.11.10.22	180821863	100000
poc	27	227	1349270552449	228569088	8156048	20811264	0.8.11	3.11.10.22	180821863	100000
poc	28	219	1349270552668	228577280	6734704	20811264	0.8.11	3.11.10.22	180821863	100000
poc	29	218	1349270552886	228577280	5299880	20811264	0.8.11	3.11.10.22	180821863	100000
poc	30	219	1349270553105	228581376	3881024	20811264	0.8.11	3.11.10.22	180821863	100000
poc	31	218	1349270553323	228585472	10686488	20811264	0.8.11	3.11.10.22	180821863	100000
poc	32	220	1349270553543	228585472	9232872	20811264	0.8.11	3.11.10.22	180821863	100000
poc	33	221	1349270553765	228589568	7789968	20811264	0.8.11	3.11.10.22	180821863	100000
poc	34	220	1349270553985	228593664	6360480	20811264	0.8.11	3.11.10.22	180821863	100000
poc	35	219	1349270554204	228667392	4926912	20811264	0.8.11	3.11.10.22	180821863	100000
poc	36	217	1349270554422	228667392	3484040	20811264	0.8.11	3.11.10.22	180821863	100000
poc	37	219	1349270554641	228671488	10291760	20811264	0.8.11	3.11.10.22	180821863	100000
poc	38	218	1349270554859	228675584	8858056	20811264	0.8.11	3.11.10.22	180821863	100000
poc	39	220	1349270555079	228884480	7428688	20811264	0.8.11	3.11.10.22	180821863	100000
poc	40	217	1349270555297	229015552	5983656	20811264	0.8.11	3.11.10.22	180821863	100000
poc	41	219	1349270555516	229019648	4559640	20811264	0.8.11	3.11.10.22	180821863	100000
poc	42	219	1349270555735	229093376	3113616	20811264	0.8.11	3.11.10.22	180821863	100000
poc	43	217	1349270555952	229093376	9917944	20811264	0.8.11	3.11.10.22	180821863	100000
poc	44	220	1349270556172	229163008	8492576	20811264	0.8.11	3.11.10.22	180821863	100000
poc	45	219	1349270556391	229433344	7058648	20811264	0.8.11	3.11.10.22	180821863	100000
poc	46	219	1349270556610	229437440	5613488	20811264	0.8.11	3.11.10.22	180821863	100000
poc	47	219	1349270556829	229437440	4167856	20811264	0.8.11	3.11.10.22	180821863	100000
poc	48	218	1349270557047	229441536	10971856	20811264	0.8.11	3.11.10.22	180821863	100000
poc	49	219	1349270557266	229445632	9536664	20811264	0.8.11	3.11.10.22	180821863	100000
poc	50	219	1349270557486	229715968	8103392	20811264	0.8.11	3.11.10.22	180821863	100000
poc	51	219	1349270557705	229720064	6660096	20811264	0.8.11	3.11.10.22	180821863	100000
poc	52	223	1349270557928	235986944	5217536	20811264	0.8.11	3.11.10.22	180821863	100000
poc	53	220	1349270558148	235991040	3774656	20811264	0.8.11	3.11.10.22	180821863	100000
poc	54	218	1349270558366	235991040	10577000	20811264	0.8.11	3.11.10.22	180821863	100000
poc	55	219	1349270558585	236068864	9143376	20811264	0.8.11	3.11.10.22	180821863	100000
poc	56	218	1349270558804	236339200	7708576	20811264	0.8.11	3.11.10.22	180821863	100000
poc	57	218	1349270559022	236339200	6267392	20811264	0.8.11	3.11.10.22	180821863	100000
poc	58	218	1349270559241	236343296	4830032	20811264	0.8.11	3.11.10.22	180821863	100000
poc	59	218	1349270559459	236482560	3406816	20811264	0.8.11	3.11.10.22	180821863	100000
poc	60	218	1349270559677	236486656	10209544	20811264	0.8.11	3.11.10.22	180821863	100000
poc	61	219	1349270559896	236621824	8767584	20811264	0.8.11	3.11.10.22	180821863	100000
poc	62	220	1349270560116	236826624	7320704	20811264	0.8.11	3.11.10.22	180821863	100000
poc	63	218	1349270560335	236904448	5886488	20811264	0.8.11	3.11.10.22	180821863	100000
poc	64	219	1349270560554	236908544	4437112	20811264	0.8.11	3.11.10.22	180821863	100000
poc	65	218	1349270560772	236908544	2993880	20811264	0.8.11	3.11.10.22	180821863	100000
poc	66	242	1349270561014	254967808	9588712	37588480	0.8.11	3.11.10.22	180821863	100000
poc	67	246	1349270561260	254976000	16415104	37588480	0.8.11	3.11.10.22	180821863	100000
poc	68	245	1349270561505	254976000	6743728	37588480	0.8.11	3.11.10.22	180821863	100000
poc	69	242	1349270561747	254980096	13553056	37588480	0.8.11	3.11.10.22	180821863	100000
poc	70	244	1349270561992	254980096	3868320	37588480	0.8.11	3.11.10.22	180821863	100000
poc	71	245	1349270562237	254984192	10646184	37588480	0.8.11	3.11.10.22	180821863	100000
poc	72	243	1349270562480	254984192	17450888	37588480	0.8.11	3.11.10.22	180821863	100000
poc	73	245	1349270562725	254988288	7757032	37588480	0.8.11	3.11.10.22	180821863	100000
poc	74	243	1349270562968	254988288	14558904	37588480	0.8.11	3.11.10.22	180821863	100000
poc	75	245	1349270563213	254988288	4871208	37588480	0.8.11	3.11.10.22	180821863	100000
poc	76	243	1349270563457	254988288	11680904	37588480	0.8.11	3.11.10.22	180821863	100000
poc	77	244	1349270563701	254988288	18487912	37588480	0.8.11	3.11.10.22	180821863	100000
poc	78	245	1349270563946	254988288	8815776	37588480	0.8.11	3.11.10.22	180821863	100000
poc	79	244	1349270564190	254988288	15627304	37588480	0.8.11	3.11.10.22	180821863	100000
poc	80	244	1349270564434	254988288	5944488	37588480	0.8.11	3.11.10.22	180821863	100000
poc	81	244	1349270564678	254988288	12742632	37588480	0.8.11	3.11.10.22	180821863	100000
poc	82	244	1349270564922	254988288	3059944	37588480	0.8.11	3.11.10.22	180821863	100000
poc	83	243	1349270565166	254988288	9861320	37588480	0.8.11	3.11.10.22	180821863	100000
poc	84	243	1349270565409	254988288	16676752	37588480	0.8.11	3.11.10.22	180821863	100000
poc	85	248	1349270565657	254988288	6990920	37588480	0.8.11	3.11.10.22	180821863	100000
poc	86	242	1349270565899	254988288	13791568	37588480	0.8.11	3.11.10.22	180821863	100000
poc	87	244	1349270566143	254988288	4115672	37588480	0.8.11	3.11.10.22	180821863	100000
poc	88	242	1349270566386	254988288	10924856	37588480	0.8.11	3.11.10.22	180821863	100000
poc	89	244	1349270566630	254988288	17732008	37588480	0.8.11	3.11.10.22	180821863	100000
poc	90	243	1349270566873	254988288	8057976	37588480	0.8.11	3.11.10.22	180821863	100000
poc	91	243	1349270567116	254988288	14868920	37588480	0.8.11	3.11.10.22	180821863	100000
poc	92	242	1349270567364	255021056	9619848	37588480	0.8.11	3.11.10.22	180821863	100000
poc	93	244	1349270567608	255021056	16425896	37588480	0.8.11	3.11.10.22	180821863	100000
poc	94	244	1349270567852	255021056	6748160	37588480	0.8.11	3.11.10.22	180821863	100000
poc	95	244	1349270568098	255021056	9554056	37588480	0.8.11	3.11.10.22	180821863	100000
poc	96	242	1349270568341	255021056	16377632	37588480	0.8.11	3.11.10.22	180821863	100000
poc	97	244	1349270568585	255021056	6709416	37588480	0.8.11	3.11.10.22	180821863	100000
poc	98	241	1349270568829	255021056	9495472	37588480	0.8.11	3.11.10.22	180821863	100000
poc	99	244	1349270569073	255021056	16318984	37588480	0.8.11	3.11.10.22	180821863	100000
poc	100	244	1349270569317	255021056	6650672	37588480	0.8.11	3.11.10.22	180821863	100000
poc	101	244	1349270569561	255021056	13463496	37588480	0.8.11	3.11.10.22	180821863	100000
poc	102	243	1349270569804	255021056	3782392	37588480	0.8.11	3.11.10.22	180821863	100000
poc	103	243	1349270570047	255021056	10560336	37588480	0.8.11	3.11.10.22	180821863	100000
poc	104	243	1349270570294	255021056	9507952	37588480	0.8.11	3.11.10.22	180821863	100000
poc	105	244	1349270570538	255021056	16330552	37588480	0.8.11	3.11.10.22	180821863	100000
poc	106	244	1349270570782	255021056	6661240	37588480	0.8.11	3.11.10.22	180821863	100000
poc	107	243	1349270571028	255021056	9500688	37588480	0.8.11	3.11.10.22	180821863	100000
poc	108	243	1349270571271	255021056	16323376	37588480	0.8.11	3.11.10.22	180821863	100000
poc	109	244	1349270571515	255021056	6654024	37588480	0.8.11	3.11.10.22	180821863	100000
poc	110	243	1349270571761	255021056	9500888	37588480	0.8.11	3.11.10.22	180821863	100000
poc	111	243	1349270572004	255021056	16323432	37588480	0.8.11	3.11.10.22	180821863	100000
poc	112	245	1349270572249	255021056	6654072	37588480	0.8.11	3.11.10.22	180821863	100000
poc	113	244	1349270572495	255021056	9500864	37588480	0.8.11	3.11.10.22	180821863	100000
poc	114	242	1349270572737	255021056	16323448	37588480	0.8.11	3.11.10.22	180821863	100000
poc	115	244	1349270572981	255021056	6654352	37588480	0.8.11	3.11.10.22	180821863	100000
poc	116	244	1349270573228	255021056	9501416	37588480	0.8.11	3.11.10.22	180821863	100000
poc	117	243	1349270573471	255021056	16323944	37588480	0.8.11	3.11.10.22	180821863	100000
poc	118	245	1349270573716	255021056	6654632	37588480	0.8.11	3.11.10.22	180821863	100000
poc	119	242	1349270573961	255021056	9479160	37588480	0.8.11	3.11.10.22	180821863	100000
poc	120	246	1349270574207	255021056	16302680	37588480	0.8.11	3.11.10.22	180821863	100000
poc	121	245	1349270574452	255021056	6634536	37588480	0.8.11	3.11.10.22	180821863	100000
poc	122	244	1349270574699	255021056	9479992	37588480	0.8.11	3.11.10.22	180821863	100000
poc	123	242	1349270574941	255021056	16303504	37588480	0.8.11	3.11.10.22	180821863	100000
poc	124	244	1349270575185	255021056	6635296	37588480	0.8.11	3.11.10.22	180821863	100000
poc	125	241	1349270575427	255021056	13448152	37588480	0.8.11	3.11.10.22	180821863	100000
poc	126	244	1349270575671	255021056	3770384	37588480	0.8.11	3.11.10.22	180821863	100000
poc	127	242	1349270575914	255021056	10548280	37588480	0.8.11	3.11.10.22	180821863	100000
poc	128	243	1349270576161	255021056	9496640	37588480	0.8.11	3.11.10.22	180821863	100000
poc	129	243	1349270576404	255021056	16319424	37588480	0.8.11	3.11.10.22	180821863	100000
poc	130	244	1349270576648	255021056	6650056	37588480	0.8.11	3.11.10.22	180821863	100000
poc	131	242	1349270576893	255029248	9504448	37588480	0.8.11	3.11.10.22	180821863	100000
poc	132	243	1349270577136	255029248	16328272	37588480	0.8.11	3.11.10.22	180821863	100000
poc	133	241	1349270577378	255029248	6700112	37588480	0.8.11	3.11.10.22	180821863	100000
poc	134	244	1349270577625	255029248	9537344	37588480	0.8.11	3.11.10.22	180821863	100000
poc	135	242	1349270577867	255029248	16359872	37588480	0.8.11	3.11.10.22	180821863	100000
poc	136	245	1349270578112	255033344	6700480	37588480	0.8.11	3.11.10.22	180821863	100000
poc	137	245	1349270578359	255033344	9545448	37588480	0.8.11	3.11.10.22	180821863	100000
poc	138	243	1349270578602	255033344	16367992	37588480	0.8.11	3.11.10.22	180821863	100000
poc	139	244	1349270578847	255033344	6704608	37588480	0.8.11	3.11.10.22	180821863	100000
poc	140	243	1349270579093	255033344	9551080	37588480	0.8.11	3.11.10.22	180821863	100000
poc	141	243	1349270579336	255033344	16373608	37588480	0.8.11	3.11.10.22	180821863	100000
poc	142	246	1349270579582	255033344	6704432	37588480	0.8.11	3.11.10.22	180821863	100000
poc	143	241	1349270579827	254926848	9532728	37588480	0.8.11	3.11.10.22	180821863	100000
poc	144	243	1349270580070	254930944	16356392	37588480	0.8.11	3.11.10.22	180821863	100000
poc	145	245	1349270580315	254935040	6688248	37588480	0.8.11	3.11.10.22	180821863	100000
poc	146	249	1349270580566	254935040	9534000	37588480	0.8.11	3.11.10.22	180821863	100000
poc	147	242	1349270580808	254943232	16357448	37588480	0.8.11	3.11.10.22	180821863	100000
poc	148	244	1349270581052	254947328	6689320	37588480	0.8.11	3.11.10.22	180821863	100000
poc	149	243	1349270581295	254947328	13502296	37588480	0.8.11	3.11.10.22	180821863	100000
poc	150	244	1349270581539	254951424	3820888	37588480	0.8.11	3.11.10.22	180821863	100000
poc	151	242	1349270581781	254955520	10598848	37588480	0.8.11	3.11.10.22	180821863	100000
poc	152	244	1349270582028	254959616	9547896	37588480	0.8.11	3.11.10.22	180821863	100000
poc	153	244	1349270582272	254963712	16370456	37588480	0.8.11	3.11.10.22	180821863	100000
poc	154	244	1349270582516	254967808	6701128	37588480	0.8.11	3.11.10.22	180821863	100000
poc	155	243	1349270582762	254971904	9541064	37588480	0.8.11	3.11.10.22	180821863	100000
poc	156	242	1349270583004	254976000	16363592	37588480	0.8.11	3.11.10.22	180821863	100000
poc	157	244	1349270583248	254980096	6694312	37588480	0.8.11	3.11.10.22	180821863	100000
poc	158	243	1349270583494	254984192	9541184	37588480	0.8.11	3.11.10.22	180821863	100000
poc	159	243	1349270583737	254992384	16363736	37588480	0.8.11	3.11.10.22	180821863	100000
poc	160	246	1349270583983	254992384	6694408	37588480	0.8.11	3.11.10.22	180821863	100000
poc	161	248	1349270584233	255000576	9541176	37588480	0.8.11	3.11.10.22	180821863	100000
poc	162	245	1349270584478	255004672	16364064	37588480	0.8.11	3.11.10.22	180821863	100000
poc	163	245	1349270584723	255008768	6694784	37588480	0.8.11	3.11.10.22	180821863	100000
poc	164	243	1349270584968	255012864	9541400	37588480	0.8.11	3.11.10.22	180821863	100000
poc	165	243	1349270585211	255016960	16364048	37588480	0.8.11	3.11.10.22	180821863	100000
poc	166	244	1349270585456	255021056	6694720	37588480	0.8.11	3.11.10.22	180821863	100000
poc	167	243	1349270585701	255025152	9534448	37588480	0.8.11	3.11.10.22	180821863	100000
poc	168	242	1349270585943	255029248	16357912	37588480	0.8.11	3.11.10.22	180821863	100000
poc	169	250	1349270586194	268165120	6689808	37588480	0.8.11	3.11.10.22	180821863	100000
poc	170	246	1349270586442	268165120	9535296	37588480	0.8.11	3.11.10.22	180821863	100000
poc	171	247	1349270586689	268173312	16358808	37588480	0.8.11	3.11.10.22	180821863	100000
poc	172	246	1349270586935	268181504	6690632	37588480	0.8.11	3.11.10.22	180821863	100000
poc	173	245	1349270587180	268181504	13503888	37588480	0.8.11	3.11.10.22	180821863	100000
poc	174	246	1349270587426	268185600	3822472	37588480	0.8.11	3.11.10.22	180821863	100000
poc	175	247	1349270587673	268189696	10600408	37588480	0.8.11	3.11.10.22	180821863	100000
poc	176	245	1349270587922	268193792	9548472	37588480	0.8.11	3.11.10.22	180821863	100000
poc	177	247	1349270588169	268193792	16371192	37588480	0.8.11	3.11.10.22	180821863	100000
poc	178	246	1349270588415	268193792	6702088	37588480	0.8.11	3.11.10.22	180821863	100000
poc	179	246	1349270588664	268193792	9540592	37588480	0.8.11	3.11.10.22	180821863	100000
poc	180	245	1349270588909	268193792	16363280	37588480	0.8.11	3.11.10.22	180821863	100000
poc	181	247	1349270589156	268193792	6693960	37588480	0.8.11	3.11.10.22	180821863	100000
poc	182	245	1349270589404	268193792	9540864	37588480	0.8.11	3.11.10.22	180821863	100000
poc	183	247	1349270589651	268193792	16363392	37588480	0.8.11	3.11.10.22	180821863	100000
poc	184	246	1349270589897	268193792	6694088	37588480	0.8.11	3.11.10.22	180821863	100000
poc	185	247	1349270590146	268193792	9540920	37588480	0.8.11	3.11.10.22	180821863	100000
poc	186	247	1349270590393	268193792	16363448	37588480	0.8.11	3.11.10.22	180821863	100000
poc	187	246	1349270590639	268193792	6694080	37588480	0.8.11	3.11.10.22	180821863	100000
poc	188	246	1349270590888	268193792	9540424	37588480	0.8.11	3.11.10.22	180821863	100000
poc	189	247	1349270591135	268193792	16362952	37588480	0.8.11	3.11.10.22	180821863	100000
poc	190	246	1349270591381	268193792	6693648	37588480	0.8.11	3.11.10.22	180821863	100000
poc	191	246	1349270591630	268193792	9533680	37588480	0.8.11	3.11.10.22	180821863	100000
poc	192	248	1349270591878	268193792	16357192	37588480	0.8.11	3.11.10.22	180821863	100000
poc	193	246	1349270592125	268193792	6689000	37588480	0.8.11	3.11.10.22	180821863	100000
poc	194	245	1349270592373	268193792	9534112	37588480	0.8.11	3.11.10.22	180821863	100000
poc	195	246	1349270592619	268193792	16357624	37588480	0.8.11	3.11.10.22	180821863	100000
poc	196	246	1349270592865	268193792	6689544	37588480	0.8.11	3.11.10.22	180821863	100000
poc	197	246	1349270593111	268193792	13502352	37588480	0.8.11	3.11.10.22	180821863	100000
poc	198	246	1349270593357	268193792	3821056	37588480	0.8.11	3.11.10.22	180821863	100000
poc	199	248	1349270593605	268193792	10598960	37588480	0.8.11	3.11.10.22	180821863	100000
poc	200	246	1349270593854	268193792	9547632	37588480	0.8.11	3.11.10.22	180821863	100000
poc	201	247	1349270594101	268193792	16370160	37588480	0.8.11	3.11.10.22	180821863	100000
poc	202	246	1349270594347	268193792	6700856	37588480	0.8.11	3.11.10.22	180821863	100000
poc	203	247	1349270594597	268193792	9541032	37588480	0.8.11	3.11.10.22	180821863	100000
poc	204	245	1349270594843	268193792	16366296	37588480	0.8.11	3.11.10.22	180821863	100000
poc	205	246	1349270595089	268193792	6696976	37588480	0.8.11	3.11.10.22	180821863	100000
poc	206	245	1349270595337	268193792	9542240	37588480	0.8.11	3.11.10.22	180821863	100000
poc	207	249	1349270595586	268193792	16364784	37588480	0.8.11	3.11.10.22	180821863	100000
poc	208	246	1349270595832	268193792	6695480	37588480	0.8.11	3.11.10.22	180821863	100000
poc	209	245	1349270596080	268193792	9542144	37588480	0.8.11	3.11.10.22	180821863	100000
poc	210	248	1349270596328	268193792	16364920	37588480	0.8.11	3.11.10.22	180821863	100000
poc	211	245	1349270596573	268193792	6695600	37588480	0.8.11	3.11.10.22	180821863	100000
poc	212	246	1349270596822	268193792	9542168	37588480	0.8.11	3.11.10.22	180821863	100000
poc	213	244	1349270597066	268193792	16367176	37588480	0.8.11	3.11.10.22	180821863	100000
poc	214	246	1349270597313	268193792	6697856	37588480	0.8.11	3.11.10.22	180821863	100000
poc	215	246	1349270597562	268193792	9535464	37588480	0.8.11	3.11.10.22	180821863	100000
poc	216	246	1349270597808	268193792	16359136	37588480	0.8.11	3.11.10.22	180821863	100000
poc	217	245	1349270598053	268193792	6690896	37588480	0.8.11	3.11.10.22	180821863	100000
poc	218	246	1349270598302	268193792	9536320	37588480	0.8.11	3.11.10.22	180821863	100000
poc	219	247	1349270598549	268193792	16359832	37588480	0.8.11	3.11.10.22	180821863	100000
poc	220	246	1349270598795	268193792	6691616	37588480	0.8.11	3.11.10.22	180821863	100000
poc	221	244	1349270599039	268193792	13504512	37588480	0.8.11	3.11.10.22	180821863	100000
poc	222	247	1349270599286	268193792	3823104	37588480	0.8.11	3.11.10.22	180821863	100000
poc	223	247	1349270599533	268193792	10601040	37588480	0.8.11	3.11.10.22	180821863	100000
poc	224	246	1349270599782	268193792	9549240	37588480	0.8.11	3.11.10.22	180821863	100000
poc	225	246	1349270600028	268193792	16371768	37588480	0.8.11	3.11.10.22	180821863	100000
poc	226	247	1349270600275	268193792	6702584	37588480	0.8.11	3.11.10.22	180821863	100000
poc	227	246	1349270600524	268193792	9542080	37588480	0.8.11	3.11.10.22	180821863	100000
poc	228	246	1349270600770	268193792	16364608	37588480	0.8.11	3.11.10.22	180821863	100000
poc	229	246	1349270601016	268193792	6695240	37588480	0.8.11	3.11.10.22	180821863	100000
poc	230	247	1349270601266	268193792	9541736	37588480	0.8.11	3.11.10.22	180821863	100000
poc	231	245	1349270601511	268193792	16364264	37588480	0.8.11	3.11.10.22	180821863	100000
poc	232	246	1349270601758	268193792	6694968	37588480	0.8.11	3.11.10.22	180821863	100000
poc	233	245	1349270602006	268193792	9541888	37588480	0.8.11	3.11.10.22	180821863	100000
poc	234	247	1349270602253	268193792	16364576	37588480	0.8.11	3.11.10.22	180821863	100000
poc	235	246	1349270602499	268193792	6695256	37588480	0.8.11	3.11.10.22	180821863	100000
poc	236	246	1349270602748	268193792	9542120	37588480	0.8.11	3.11.10.22	180821863	100000
poc	237	247	1349270602995	268193792	16364648	37588480	0.8.11	3.11.10.22	180821863	100000
poc	238	246	1349270603241	268193792	6695344	37588480	0.8.11	3.11.10.22	180821863	100000
poc	239	244	1349270603488	268193792	9535192	37588480	0.8.11	3.11.10.22	180821863	100000
poc	240	246	1349270603734	268193792	16358720	37588480	0.8.11	3.11.10.22	180821863	100000
poc	241	246	1349270603980	268193792	6690520	37588480	0.8.11	3.11.10.22	180821863	100000
poc	242	248	1349270604231	268193792	9536520	37588480	0.8.11	3.11.10.22	180821863	100000
poc	243	248	1349270604479	268193792	16360048	37588480	0.8.11	3.11.10.22	180821863	100000
poc	244	246	1349270604725	268193792	6691784	37588480	0.8.11	3.11.10.22	180821863	100000
poc	245	243	1349270604968	268193792	13504640	37588480	0.8.11	3.11.10.22	180821863	100000
poc	246	247	1349270605215	268193792	3823232	37588480	0.8.11	3.11.10.22	180821863	100000
poc	247	248	1349270605463	268193792	10601176	37588480	0.8.11	3.11.10.22	180821863	100000
poc	248	247	1349270605713	268193792	9549656	37588480	0.8.11	3.11.10.22	180821863	100000
poc	249	245	1349270605958	268193792	16372184	37588480	0.8.11	3.11.10.22	180821863	100000
poc	250	248	1349270606206	268193792	6702864	37588480	0.8.11	3.11.10.22	180821863	100000
poc	251	246	1349270606454	268193792	9542440	37588480	0.8.11	3.11.10.22	180821863	100000
poc	252	245	1349270606700	268193792	16365128	37588480	0.8.11	3.11.10.22	180821863	100000
poc	253	248	1349270606948	268193792	6695808	37588480	0.8.11	3.11.10.22	180821863	100000
poc	254	246	1349270607197	268193792	9542488	37588480	0.8.11	3.11.10.22	180821863	100000
poc	255	246	1349270607443	268193792	16365216	37588480	0.8.11	3.11.10.22	180821863	100000
poc	256	246	1349270607689	268193792	6695848	37588480	0.8.11	3.11.10.22	180821863	100000
poc	257	246	1349270607938	268193792	9541864	37588480	0.8.11	3.11.10.22	180821863	100000
poc	258	247	1349270608185	268193792	16364416	37588480	0.8.11	3.11.10.22	180821863	100000
poc	259	247	1349270608432	268193792	6695096	37588480	0.8.11	3.11.10.22	180821863	100000
poc	260	246	1349270608680	268193792	9542744	37588480	0.8.11	3.11.10.22	180821863	100000
poc	261	246	1349270608926	268193792	16365472	37588480	0.8.11	3.11.10.22	180821863	100000
poc	262	247	1349270609173	268193792	6696104	37588480	0.8.11	3.11.10.22	180821863	100000
poc	263	246	1349270609421	268193792	9534232	37588480	0.8.11	3.11.10.22	180821863	100000
poc	264	246	1349270609667	268193792	16357744	37588480	0.8.11	3.11.10.22	180821863	100000
poc	265	246	1349270609913	268193792	6689600	37588480	0.8.11	3.11.10.22	180821863	100000
poc	266	246	1349270610162	268193792	9535360	37588480	0.8.11	3.11.10.22	180821863	100000
poc	267	246	1349270610408	268193792	16358976	37588480	0.8.11	3.11.10.22	180821863	100000
poc	268	247	1349270610656	268193792	6690712	37588480	0.8.11	3.11.10.22	180821863	100000
poc	269	243	1349270610899	268193792	13503864	37588480	0.8.11	3.11.10.22	180821863	100000
poc	270	255	1349270611155	283820032	3822672	37588480	0.8.11	3.11.10.22	180821863	100000
poc	271	248	1349270611403	285372416	10600776	37588480	0.8.11	3.11.10.22	180821863	100000
poc	272	246	1349270611652	285372416	9549744	37588480	0.8.11	3.11.10.22	180821863	100000
poc	273	245	1349270611897	285413376	16372272	37588480	0.8.11	3.11.10.22	180821863	100000
poc	274	247	1349270612144	285413376	6702992	37588480	0.8.11	3.11.10.22	180821863	100000
poc	275	246	1349270612392	285413376	9541808	37588480	0.8.11	3.11.10.22	180821863	100000
poc	276	246	1349270612638	285413376	16364560	37588480	0.8.11	3.11.10.22	180821863	100000
poc	277	247	1349270612885	285413376	6695192	37588480	0.8.11	3.11.10.22	180821863	100000
poc	278	247	1349270613135	285413376	9541600	37588480	0.8.11	3.11.10.22	180821863	100000
poc	279	246	1349270613381	285413376	16364128	37588480	0.8.11	3.11.10.22	180821863	100000
poc	280	247	1349270613628	285413376	6694824	37588480	0.8.11	3.11.10.22	180821863	100000
poc	281	246	1349270613876	285413376	9541392	37588480	0.8.11	3.11.10.22	180821863	100000
poc	282	247	1349270614123	285413376	16363992	37588480	0.8.11	3.11.10.22	180821863	100000
poc	283	247	1349270614370	285413376	6694680	37588480	0.8.11	3.11.10.22	180821863	100000
poc	284	252	1349270614625	285413376	9542672	37588480	0.8.11	3.11.10.22	180821863	100000
poc	285	246	1349270614872	285413376	16365320	37588480	0.8.11	3.11.10.22	180821863	100000
poc	286	247	1349270615119	285413376	6696000	37588480	0.8.11	3.11.10.22	180821863	100000
poc	287	245	1349270615367	285413376	9534912	37588480	0.8.11	3.11.10.22	180821863	100000
poc	288	247	1349270615614	285413376	16358584	37588480	0.8.11	3.11.10.22	180821863	100000
poc	289	246	1349270615860	285413376	6690472	37588480	0.8.11	3.11.10.22	180821863	100000
poc	290	244	1349270616106	285413376	9536432	37588480	0.8.11	3.11.10.22	180821863	100000
poc	291	247	1349270616353	285413376	16359976	37588480	0.8.11	3.11.10.22	180821863	100000
poc	292	242	1349270616596	285413376	6691760	37588480	0.8.11	3.11.10.22	180821863	100000
poc	293	241	1349270616838	285413376	13506936	37588480	0.8.11	3.11.10.22	180821863	100000
poc	294	245	1349270617083	285413376	3825528	37588480	0.8.11	3.11.10.22	180821863	100000
poc	295	246	1349270617329	285413376	10603496	37588480	0.8.11	3.11.10.22	180821863	100000
poc	296	244	1349270617576	285413376	9549720	37588480	0.8.11	3.11.10.22	180821863	100000
poc	297	243	1349270617819	285413376	16372248	37588480	0.8.11	3.11.10.22	180821863	100000
poc	298	245	1349270618064	285413376	6703112	37588480	0.8.11	3.11.10.22	180821863	100000
poc	299	243	1349270618310	285446144	9541704	37588480	0.8.11	3.11.10.22	180821863	100000
poc	300	244	1349270618554	285446144	16364232	37588480	0.8.11	3.11.10.22	180821863	100000
poc	301	245	1349270618799	285446144	6695144	37588480	0.8.11	3.11.10.22	180821863	100000
poc	302	244	1349270619045	285446144	9542408	37588480	0.8.11	3.11.10.22	180821863	100000
poc	303	243	1349270619288	285446144	16365136	37588480	0.8.11	3.11.10.22	180821863	100000
poc	304	245	1349270619533	285446144	6695816	37588480	0.8.11	3.11.10.22	180821863	100000
poc	305	244	1349270619779	285446144	9541832	37588480	0.8.11	3.11.10.22	180821863	100000
poc	306	242	1349270620022	285446144	16364520	37588480	0.8.11	3.11.10.22	180821863	100000
poc	307	245	1349270620268	285446144	6695432	37588480	0.8.11	3.11.10.22	180821863	100000
poc	308	244	1349270620515	285446144	9542328	37588480	0.8.11	3.11.10.22	180821863	100000
poc	309	244	1349270620759	285446144	16365056	37588480	0.8.11	3.11.10.22	180821863	100000
poc	310	243	1349270621002	285446144	6695688	37588480	0.8.11	3.11.10.22	180821863	100000
poc	311	243	1349270621248	285446144	9534632	37588480	0.8.11	3.11.10.22	180821863	100000
poc	312	243	1349270621491	285446144	16358144	37588480	0.8.11	3.11.10.22	180821863	100000
poc	313	244	1349270621735	285446144	6690000	37588480	0.8.11	3.11.10.22	180821863	100000
poc	314	243	1349270621981	285446144	9535384	37588480	0.8.11	3.11.10.22	180821863	100000
poc	315	243	1349270622224	285446144	16358896	37588480	0.8.11	3.11.10.22	180821863	100000
poc	316	244	1349270622468	285446144	6690632	37588480	0.8.11	3.11.10.22	180821863	100000
poc	317	243	1349270622711	285446144	13503520	37588480	0.8.11	3.11.10.22	180821863	100000
poc	318	245	1349270622956	285446144	3822088	37588480	0.8.11	3.11.10.22	180821863	100000
poc	319	245	1349270623201	285446144	10600048	37588480	0.8.11	3.11.10.22	180821863	100000
poc	320	246	1349270623447	285446144	17404600	37588480	0.8.11	3.11.10.22	180821863	100000
poc	321	246	1349270623693	285446144	7710720	37588480	0.8.11	3.11.10.22	180821863	100000
poc	322	244	1349270623937	285446144	14512528	37588480	0.8.11	3.11.10.22	180821863	100000
poc	323	245	1349270624186	285446144	9581680	37588480	0.8.11	3.11.10.22	180821863	100000
poc	324	243	1349270624429	285446144	16386176	37588480	0.8.11	3.11.10.22	180821863	100000
poc	325	244	1349270624673	285446144	6708336	37588480	0.8.11	3.11.10.22	180821863	100000
poc	326	244	1349270624920	285446144	9542800	37588480	0.8.11	3.11.10.22	180821863	100000
poc	327	243	1349270625163	285446144	16365376	37588480	0.8.11	3.11.10.22	180821863	100000
poc	328	245	1349270625408	285446144	6696320	37588480	0.8.11	3.11.10.22	180821863	100000
poc	329	247	1349270625657	285446144	9542640	37588480	0.8.11	3.11.10.22	180821863	100000
poc	330	244	1349270625901	285446144	16365168	37588480	0.8.11	3.11.10.22	180821863	100000
poc	331	245	1349270626146	285446144	6695864	37588480	0.8.11	3.11.10.22	180821863	100000
poc	332	245	1349270626393	285446144	9541640	37588480	0.8.11	3.11.10.22	180821863	100000
poc	333	243	1349270626636	285446144	16364168	37588480	0.8.11	3.11.10.22	180821863	100000
poc	334	244	1349270626880	285446144	6694848	37588480	0.8.11	3.11.10.22	180821863	100000
poc	335	245	1349270627127	285446144	9542360	37588480	0.8.11	3.11.10.22	180821863	100000
poc	336	243	1349270627370	285446144	16364912	37588480	0.8.11	3.11.10.22	180821863	100000
poc	337	245	1349270627615	285446144	6695712	37588480	0.8.11	3.11.10.22	180821863	100000
poc	338	243	1349270627860	285446144	9535152	37588480	0.8.11	3.11.10.22	180821863	100000
poc	339	242	1349270628102	285446144	16358664	37588480	0.8.11	3.11.10.22	180821863	100000
poc	340	245	1349270628347	285446144	6690472	37588480	0.8.11	3.11.10.22	180821863	100000
poc	341	243	1349270628593	285446144	9536040	37588480	0.8.11	3.11.10.22	180821863	100000
poc	342	243	1349270628837	285446144	16359712	37588480	0.8.11	3.11.10.22	180821863	100000
poc	343	243	1349270629080	285446144	6691584	37588480	0.8.11	3.11.10.22	180821863	100000
poc	344	243	1349270629323	285446144	13504392	37588480	0.8.11	3.11.10.22	180821863	100000
poc	345	244	1349270629567	285446144	3822936	37588480	0.8.11	3.11.10.22	180821863	100000
poc	346	246	1349270629813	285446144	10600880	37588480	0.8.11	3.11.10.22	180821863	100000
poc	347	243	1349270630059	285446144	9548696	37588480	0.8.11	3.11.10.22	180821863	100000
poc	348	244	1349270630303	285446144	16371224	37588480	0.8.11	3.11.10.22	180821863	100000
poc	349	245	1349270630548	285446144	6702024	37588480	0.8.11	3.11.10.22	180821863	100000
poc	350	243	1349270630794	285446144	9542216	37588480	0.8.11	3.11.10.22	180821863	100000
poc	351	242	1349270631036	285446144	16364744	37588480	0.8.11	3.11.10.22	180821863	100000
poc	352	244	1349270631281	285446144	6695424	37588480	0.8.11	3.11.10.22	180821863	100000
poc	353	244	1349270631527	285446144	9541752	37588480	0.8.11	3.11.10.22	180821863	100000
poc	354	243	1349270631771	285446144	16364400	37588480	0.8.11	3.11.10.22	180821863	100000
poc	355	244	1349270632015	285446144	6695080	37588480	0.8.11	3.11.10.22	180821863	100000
poc	356	244	1349270632262	285446144	9541864	37588480	0.8.11	3.11.10.22	180821863	100000
poc	357	243	1349270632505	285446144	16364448	37588480	0.8.11	3.11.10.22	180821863	100000
poc	358	245	1349270632751	285446144	6695136	37588480	0.8.11	3.11.10.22	180821863	100000
poc	359	244	1349270632998	285446144	9542488	37588480	0.8.11	3.11.10.22	180821863	100000
poc	360	244	1349270633242	285446144	16365400	37588480	0.8.11	3.11.10.22	180821863	100000
poc	361	244	1349270633486	285446144	6696064	37588480	0.8.11	3.11.10.22	180821863	100000
poc	362	244	1349270633733	285446144	9535232	37588480	0.8.11	3.11.10.22	180821863	100000
poc	363	242	1349270633975	285446144	16358744	37588480	0.8.11	3.11.10.22	180821863	100000
poc	364	248	1349270634223	285446144	6690648	37588480	0.8.11	3.11.10.22	180821863	100000
poc	365	244	1349270634470	285446144	9536056	37588480	0.8.11	3.11.10.22	180821863	100000
poc	366	243	1349270634713	285446144	16359808	37588480	0.8.11	3.11.10.22	180821863	100000
poc	367	246	1349270634959	285446144	6691640	37588480	0.8.11	3.11.10.22	180821863	100000
poc	368	244	1349270635203	285446144	13504552	37588480	0.8.11	3.11.10.22	180821863	100000
poc	369	245	1349270635448	285446144	3823168	37588480	0.8.11	3.11.10.22	180821863	100000
poc	370	244	1349270635692	285446144	10601192	37588480	0.8.11	3.11.10.22	180821863	100000
poc	371	244	1349270635939	285446144	9549576	37588480	0.8.11	3.11.10.22	180821863	100000
poc	372	243	1349270636182	285446144	16372104	37588480	0.8.11	3.11.10.22	180821863	100000
poc	373	245	1349270636427	285446144	6705104	37588480	0.8.11	3.11.10.22	180821863	100000
poc	374	244	1349270636673	285446144	9541816	37588480	0.8.11	3.11.10.22	180821863	100000
