benchmark	number	duration	time	rss	heapUsed	heapTotal	nodeVersion	v8Version	count
js	1	204	1349271430371	12242944	2306664	5082624	0.8.11	3.11.10.22	50000000
js	2	204	1349271430579	12939264	2885832	5082624	0.8.11	3.11.10.22	50000000
js	3	201	1349271430780	12939264	2891840	5082624	0.8.11	3.11.10.22	50000000
js	4	200	1349271430980	12943360	2894240	5082624	0.8.11	3.11.10.22	50000000
js	5	202	1349271431182	12947456	2896672	5082624	0.8.11	3.11.10.22	50000000
js	6	203	1349271431385	12947456	2899632	5082624	0.8.11	3.11.10.22	50000000
js	7	202	1349271431587	12951552	2902032	5082624	0.8.11	3.11.10.22	50000000
js	8	203	1349271431791	12951552	2904432	5082624	0.8.11	3.11.10.22	50000000
js	9	201	1349271431992	12955648	2906928	5082624	0.8.11	3.11.10.22	50000000
js	10	203	1349271432197	12955648	2909360	5082624	0.8.11	3.11.10.22	50000000
js	11	202	1349271432399	13672448	2490760	6131200	0.8.11	3.11.10.22	50000000
js	12	207	1349271432606	13676544	2493288	6131200	0.8.11	3.11.10.22	50000000
js	13	207	1349271432813	13676544	2495752	6131200	0.8.11	3.11.10.22	50000000
js	14	204	1349271433017	13680640	2498152	6131200	0.8.11	3.11.10.22	50000000
js	15	205	1349271433222	13680640	2500680	6131200	0.8.11	3.11.10.22	50000000
js	16	206	1349271433428	13684736	2503112	6131200	0.8.11	3.11.10.22	50000000
js	17	203	1349271433631	13688832	2505576	6131200	0.8.11	3.11.10.22	50000000
js	18	203	1349271433835	13688832	2508272	6131200	0.8.11	3.11.10.22	50000000
js	19	203	1349271434038	13692928	2510736	6131200	0.8.11	3.11.10.22	50000000
js	20	205	1349271434243	13692928	2513200	6131200	0.8.11	3.11.10.22	50000000
js	21	205	1349271434448	13697024	2515696	6131200	0.8.11	3.11.10.22	50000000
js	22	204	1349271434652	13701120	2518128	6131200	0.8.11	3.11.10.22	50000000
js	23	204	1349271434856	13701120	2520592	6131200	0.8.11	3.11.10.22	50000000
js	24	205	1349271435061	13705216	2523056	6131200	0.8.11	3.11.10.22	50000000
js	25	203	1349271435264	13705216	2525488	6131200	0.8.11	3.11.10.22	50000000
js	26	205	1349271435469	13709312	2527952	6131200	0.8.11	3.11.10.22	50000000
js	27	204	1349271435673	13713408	2530480	6131200	0.8.11	3.11.10.22	50000000
js	28	205	1349271435878	13713408	2532912	6131200	0.8.11	3.11.10.22	50000000
js	29	207	1349271436085	13717504	2535312	6131200	0.8.11	3.11.10.22	50000000
js	30	208	1349271436293	13717504	2537840	6131200	0.8.11	3.11.10.22	50000000
js	31	205	1349271436498	13721600	2540272	6131200	0.8.11	3.11.10.22	50000000
js	32	207	1349271436705	13721600	2542736	6131200	0.8.11	3.11.10.22	50000000
js	33	206	1349271436911	13725696	2545264	6131200	0.8.11	3.11.10.22	50000000
js	34	203	1349271437114	13729792	2547728	6131200	0.8.11	3.11.10.22	50000000
js	35	204	1349271437318	13729792	2550192	6131200	0.8.11	3.11.10.22	50000000
js	36	206	1349271437524	13733888	2552888	6131200	0.8.11	3.11.10.22	50000000
js	37	205	1349271437729	13733888	2555352	6131200	0.8.11	3.11.10.22	50000000
js	38	205	1349271437934	13737984	2557784	6131200	0.8.11	3.11.10.22	50000000
js	39	206	1349271438140	13742080	2560280	6131200	0.8.11	3.11.10.22	50000000
js	40	206	1349271438346	13742080	2562712	6131200	0.8.11	3.11.10.22	50000000
js	41	207	1349271438553	13770752	2567216	6131200	0.8.11	3.11.10.22	50000000
js	42	206	1349271438759	13774848	2569744	6131200	0.8.11	3.11.10.22	50000000
js	43	205	1349271438964	13774848	2572176	6131200	0.8.11	3.11.10.22	50000000
js	44	204	1349271439168	13778944	2574608	6131200	0.8.11	3.11.10.22	50000000
js	45	206	1349271439374	13778944	2577136	6131200	0.8.11	3.11.10.22	50000000
js	46	206	1349271439580	13783040	2579600	6131200	0.8.11	3.11.10.22	50000000
js	47	205	1349271439786	13787136	2582064	6131200	0.8.11	3.11.10.22	50000000
js	48	204	1349271439991	13787136	2584560	6131200	0.8.11	3.11.10.22	50000000
js	49	205	1349271440196	13791232	2586992	6131200	0.8.11	3.11.10.22	50000000
js	50	206	1349271440402	13791232	2589456	6131200	0.8.11	3.11.10.22	50000000
js	51	205	1349271440607	13795328	2591952	6131200	0.8.11	3.11.10.22	50000000
js	52	205	1349271440813	13799424	2594384	6131200	0.8.11	3.11.10.22	50000000
js	53	204	1349271441017	13799424	2596816	6131200	0.8.11	3.11.10.22	50000000
js	54	205	1349271441222	13803520	2599480	6131200	0.8.11	3.11.10.22	50000000
js	55	204	1349271441426	13803520	2601912	6131200	0.8.11	3.11.10.22	50000000
js	56	205	1349271441631	13807616	2604312	6131200	0.8.11	3.11.10.22	50000000
js	57	205	1349271441836	13807616	2606840	6131200	0.8.11	3.11.10.22	50000000
js	58	205	1349271442041	13811712	2609240	6131200	0.8.11	3.11.10.22	50000000
js	59	206	1349271442247	13815808	2611672	6131200	0.8.11	3.11.10.22	50000000
js	60	204	1349271442451	13815808	2614200	6131200	0.8.11	3.11.10.22	50000000
js	61	206	1349271442657	13819904	2616632	6131200	0.8.11	3.11.10.22	50000000
js	62	205	1349271442862	13819904	2619096	6131200	0.8.11	3.11.10.22	50000000
js	63	205	1349271443067	13824000	2621624	6131200	0.8.11	3.11.10.22	50000000
js	64	204	1349271443272	13828096	2624088	6131200	0.8.11	3.11.10.22	50000000
js	65	205	1349271443477	13828096	2626552	6131200	0.8.11	3.11.10.22	50000000
js	66	206	1349271443683	13832192	2629016	6131200	0.8.11	3.11.10.22	50000000
js	67	206	1349271443889	13897728	2637104	6131200	0.8.11	3.11.10.22	50000000
js	68	203	1349271444093	13897728	2639536	6131200	0.8.11	3.11.10.22	50000000
js	69	206	1349271444299	13901824	2642032	6131200	0.8.11	3.11.10.22	50000000
js	70	203	1349271444502	13910016	2644464	6131200	0.8.11	3.11.10.22	50000000
js	71	207	1349271444709	13910016	2646928	6131200	0.8.11	3.11.10.22	50000000
js	72	205	1349271444914	13914112	2649592	6131200	0.8.11	3.11.10.22	50000000
js	73	205	1349271445119	13914112	2652056	6131200	0.8.11	3.11.10.22	50000000
js	74	205	1349271445324	13918208	2654456	6131200	0.8.11	3.11.10.22	50000000
js	75	206	1349271445531	13922304	2656952	6131200	0.8.11	3.11.10.22	50000000
js	76	206	1349271445737	13922304	2659416	6131200	0.8.11	3.11.10.22	50000000
js	77	205	1349271445942	13926400	2661816	6131200	0.8.11	3.11.10.22	50000000
js	78	205	1349271446147	13926400	2664344	6131200	0.8.11	3.11.10.22	50000000
js	79	205	1349271446352	13930496	2666744	6131200	0.8.11	3.11.10.22	50000000
js	80	208	1349271446560	13930496	2669176	6131200	0.8.11	3.11.10.22	50000000
js	81	204	1349271446764	13934592	2672920	6131200	0.8.11	3.11.10.22	50000000
js	82	204	1349271446968	13938688	2675384	6131200	0.8.11	3.11.10.22	50000000
js	83	205	1349271447173	13938688	2677816	6131200	0.8.11	3.11.10.22	50000000
js	84	203	1349271447376	13942784	2680312	6131200	0.8.11	3.11.10.22	50000000
js	85	206	1349271447582	13946880	2682776	6131200	0.8.11	3.11.10.22	50000000
js	86	205	1349271447787	13946880	2685240	6131200	0.8.11	3.11.10.22	50000000
js	87	203	1349271447990	13950976	2687736	6131200	0.8.11	3.11.10.22	50000000
js	88	204	1349271448194	13950976	2690200	6131200	0.8.11	3.11.10.22	50000000
js	89	204	1349271448398	13955072	2692632	6131200	0.8.11	3.11.10.22	50000000
js	90	203	1349271448601	13959168	2695296	6131200	0.8.11	3.11.10.22	50000000
js	91	206	1349271448807	13959168	2697760	6131200	0.8.11	3.11.10.22	50000000
js	92	203	1349271449010	13963264	2700224	6131200	0.8.11	3.11.10.22	50000000
js	93	204	1349271449214	13963264	2702720	6131200	0.8.11	3.11.10.22	50000000
js	94	204	1349271449418	13967360	2705152	6131200	0.8.11	3.11.10.22	50000000
js	95	205	1349271449624	13971456	2709328	6131200	0.8.11	3.11.10.22	50000000
js	96	205	1349271449829	13979648	2713688	6131200	0.8.11	3.11.10.22	50000000
js	97	205	1349271450034	13979648	2716360	6131200	0.8.11	3.11.10.22	50000000
js	98	204	1349271450238	13983744	2718760	6131200	0.8.11	3.11.10.22	50000000
js	99	206	1349271450444	13983744	2721256	6131200	0.8.11	3.11.10.22	50000000
js	100	204	1349271450649	13987840	2723688	6131200	0.8.11	3.11.10.22	50000000
js	101	201	1349271450850	13987840	2726152	6131200	0.8.11	3.11.10.22	50000000
js	102	201	1349271451052	13991936	2728648	6131200	0.8.11	3.11.10.22	50000000
js	103	204	1349271451256	13996032	2731080	6131200	0.8.11	3.11.10.22	50000000
js	104	202	1349271451458	13996032	2733544	6131200	0.8.11	3.11.10.22	50000000
js	105	202	1349271451661	14000128	2736040	6131200	0.8.11	3.11.10.22	50000000
js	106	204	1349271451865	14000128	2738472	6131200	0.8.11	3.11.10.22	50000000
js	107	215	1349271452080	14004224	2740904	6131200	0.8.11	3.11.10.22	50000000
js	108	204	1349271452284	14008320	2743600	6131200	0.8.11	3.11.10.22	50000000
js	109	205	1349271452489	14008320	2746032	6131200	0.8.11	3.11.10.22	50000000
js	110	207	1349271452696	14012416	2748464	6131200	0.8.11	3.11.10.22	50000000
js	111	204	1349271452900	14012416	2750992	6131200	0.8.11	3.11.10.22	50000000
js	112	203	1349271453103	14016512	2753424	6131200	0.8.11	3.11.10.22	50000000
js	113	203	1349271453306	14020608	2755888	6131200	0.8.11	3.11.10.22	50000000
js	114	204	1349271453510	14020608	2758416	6131200	0.8.11	3.11.10.22	50000000
js	115	202	1349271453712	14024704	2760816	6131200	0.8.11	3.11.10.22	50000000
js	116	202	1349271453915	14024704	2763280	6131200	0.8.11	3.11.10.22	50000000
js	117	203	1349271454119	14028800	2765808	6131200	0.8.11	3.11.10.22	50000000
js	118	203	1349271454322	14028800	2768240	6131200	0.8.11	3.11.10.22	50000000
js	119	203	1349271454525	14032896	2770640	6131200	0.8.11	3.11.10.22	50000000
js	120	204	1349271454729	14036992	2773136	6131200	0.8.11	3.11.10.22	50000000
js	121	203	1349271454933	14036992	2775600	6131200	0.8.11	3.11.10.22	50000000
js	122	203	1349271455136	14041088	2778032	6131200	0.8.11	3.11.10.22	50000000
js	123	203	1349271455339	14041088	2780528	6131200	0.8.11	3.11.10.22	50000000
js	124	205	1349271455544	14045184	2782928	6131200	0.8.11	3.11.10.22	50000000
js	125	204	1349271455748	14049280	2785392	6131200	0.8.11	3.11.10.22	50000000
js	126	204	1349271455952	14049280	2788088	6131200	0.8.11	3.11.10.22	50000000
js	127	202	1349271456154	14053376	2790488	6131200	0.8.11	3.11.10.22	50000000
js	128	203	1349271456357	14053376	2792952	6131200	0.8.11	3.11.10.22	50000000
js	129	203	1349271456560	14057472	2795448	6131200	0.8.11	3.11.10.22	50000000
js	130	206	1349271456766	14061568	2797880	6131200	0.8.11	3.11.10.22	50000000
js	131	205	1349271456972	14077952	2804536	6131200	0.8.11	3.11.10.22	50000000
js	132	205	1349271457177	14082048	2807064	6131200	0.8.11	3.11.10.22	50000000
js	133	204	1349271457383	14204928	2900952	6131200	0.8.11	3.11.10.22	50000000
js	134	204	1349271457588	14209024	2903336	6131200	0.8.11	3.11.10.22	50000000
js	135	205	1349271457794	14217216	2907032	6131200	0.8.11	3.11.10.22	50000000
js	136	204	1349271457998	14217216	2909416	6131200	0.8.11	3.11.10.22	50000000
js	137	206	1349271458204	14221312	2911736	6131200	0.8.11	3.11.10.22	50000000
js	138	208	1349271458412	14221312	2914184	6131200	0.8.11	3.11.10.22	50000000
js	139	205	1349271458618	14225408	2924104	6131200	0.8.11	3.11.10.22	50000000
js	140	204	1349271458822	14229504	2926456	6131200	0.8.11	3.11.10.22	50000000
js	141	203	1349271459025	14233600	2928904	6131200	0.8.11	3.11.10.22	50000000
js	142	203	1349271459228	14233600	2931288	6131200	0.8.11	3.11.10.22	50000000
js	143	203	1349271459431	14241792	2933608	6131200	0.8.11	3.11.10.22	50000000
js	144	204	1349271459635	14241792	2936192	6131200	0.8.11	3.11.10.22	50000000
js	145	204	1349271459839	14245888	2938512	6131200	0.8.11	3.11.10.22	50000000
js	146	203	1349271460042	14245888	2940864	6131200	0.8.11	3.11.10.22	50000000
js	147	205	1349271460247	14249984	2943312	6131200	0.8.11	3.11.10.22	50000000
js	148	205	1349271460452	14254080	2945696	6131200	0.8.11	3.11.10.22	50000000
js	149	204	1349271460656	14254080	2948048	6131200	0.8.11	3.11.10.22	50000000
js	150	204	1349271460860	14258176	2950496	6131200	0.8.11	3.11.10.22	50000000
js	151	206	1349271461066	14258176	2952880	6131200	0.8.11	3.11.10.22	50000000
js	152	205	1349271461271	14262272	2955232	6131200	0.8.11	3.11.10.22	50000000
js	153	202	1349271461474	14262272	2957648	6131200	0.8.11	3.11.10.22	50000000
js	154	207	1349271461681	14266368	2960000	6131200	0.8.11	3.11.10.22	50000000
js	155	204	1349271461885	14266368	2962384	6131200	0.8.11	3.11.10.22	50000000
js	156	204	1349271462090	14270464	2964800	6131200	0.8.11	3.11.10.22	50000000
js	157	206	1349271462296	14274560	2967152	6131200	0.8.11	3.11.10.22	50000000
js	158	203	1349271462499	14274560	2969536	6131200	0.8.11	3.11.10.22	50000000
js	159	203	1349271462702	14278656	2971952	6131200	0.8.11	3.11.10.22	50000000
js	160	205	1349271462908	14278656	2974304	6131200	0.8.11	3.11.10.22	50000000
js	161	206	1349271463114	14282752	2976688	6131200	0.8.11	3.11.10.22	50000000
js	162	205	1349271463319	14286848	2979272	6131200	0.8.11	3.11.10.22	50000000
js	163	206	1349271463525	14286848	2981656	6131200	0.8.11	3.11.10.22	50000000
js	164	203	1349271463728	14290944	2984040	6131200	0.8.11	3.11.10.22	50000000
js	165	206	1349271463935	14290944	2986488	6131200	0.8.11	3.11.10.22	50000000
js	166	204	1349271464139	14295040	2988840	6131200	0.8.11	3.11.10.22	50000000
js	167	204	1349271464344	14295040	2991224	6131200	0.8.11	3.11.10.22	50000000
js	168	207	1349271464551	14299136	2993608	6131200	0.8.11	3.11.10.22	50000000
js	169	203	1349271464754	14303232	2995992	6131200	0.8.11	3.11.10.22	50000000
js	170	206	1349271464961	14303232	2998376	6131200	0.8.11	3.11.10.22	50000000
js	171	205	1349271465166	14307328	3000824	6131200	0.8.11	3.11.10.22	50000000
js	172	204	1349271465370	14307328	3003208	6131200	0.8.11	3.11.10.22	50000000
js	173	206	1349271465576	14311424	3005560	6131200	0.8.11	3.11.10.22	50000000
js	174	204	1349271465780	14311424	3008008	6131200	0.8.11	3.11.10.22	50000000
js	175	205	1349271465985	14315520	3011608	6131200	0.8.11	3.11.10.22	50000000
js	176	204	1349271466189	14319616	3013992	6131200	0.8.11	3.11.10.22	50000000
js	177	205	1349271466394	14319616	3016408	6131200	0.8.11	3.11.10.22	50000000
js	178	209	1349271466603	14323712	3018728	6131200	0.8.11	3.11.10.22	50000000
js	179	203	1349271466806	14323712	3021112	6131200	0.8.11	3.11.10.22	50000000
js	180	205	1349271467011	14327808	3023696	6131200	0.8.11	3.11.10.22	50000000
js	181	206	1349271467218	14331904	3026080	6131200	0.8.11	3.11.10.22	50000000
js	182	205	1349271467423	14331904	3028464	6131200	0.8.11	3.11.10.22	50000000
js	183	205	1349271467628	14336000	3030880	6131200	0.8.11	3.11.10.22	50000000
js	184	205	1349271467833	14336000	3033232	6131200	0.8.11	3.11.10.22	50000000
js	185	204	1349271468038	14340096	3035552	6131200	0.8.11	3.11.10.22	50000000
js	186	205	1349271468243	14340096	3038000	6131200	0.8.11	3.11.10.22	50000000
js	187	204	1349271468447	14344192	3040320	6131200	0.8.11	3.11.10.22	50000000
js	188	204	1349271468651	14348288	3042672	6131200	0.8.11	3.11.10.22	50000000
js	189	203	1349271468854	14348288	3046336	6131200	0.8.11	3.11.10.22	50000000
js	190	204	1349271469058	14352384	3048688	6131200	0.8.11	3.11.10.22	50000000
js	191	204	1349271469262	14352384	3051040	6131200	0.8.11	3.11.10.22	50000000
js	192	204	1349271469466	14356480	3053488	6131200	0.8.11	3.11.10.22	50000000
js	193	205	1349271469671	14360576	3055872	6131200	0.8.11	3.11.10.22	50000000
js	194	203	1349271469874	14360576	3058256	6131200	0.8.11	3.11.10.22	50000000
js	195	204	1349271470078	14364672	3060704	6131200	0.8.11	3.11.10.22	50000000
js	196	202	1349271470281	14364672	3063056	6131200	0.8.11	3.11.10.22	50000000
js	197	203	1349271470485	14368768	3065408	6131200	0.8.11	3.11.10.22	50000000
js	198	203	1349271470688	14368768	3068024	6131200	0.8.11	3.11.10.22	50000000
js	199	203	1349271470891	14372864	3070344	6131200	0.8.11	3.11.10.22	50000000
js	200	205	1349271471096	14376960	3072696	6131200	0.8.11	3.11.10.22	50000000
js	201	204	1349271471300	14376960	3075144	6131200	0.8.11	3.11.10.22	50000000
js	202	203	1349271471503	14381056	3077496	6131200	0.8.11	3.11.10.22	50000000
js	203	204	1349271471707	14381056	3079880	6131200	0.8.11	3.11.10.22	50000000
js	204	202	1349271471909	14385152	3082264	6131200	0.8.11	3.11.10.22	50000000
js	205	204	1349271472113	14385152	3084648	6131200	0.8.11	3.11.10.22	50000000
js	206	205	1349271472318	14389248	3087032	6131200	0.8.11	3.11.10.22	50000000
js	207	201	1349271472519	14393344	3089480	6131200	0.8.11	3.11.10.22	50000000
js	208	203	1349271472722	14393344	3091864	6131200	0.8.11	3.11.10.22	50000000
js	209	204	1349271472927	14397440	3094248	6131200	0.8.11	3.11.10.22	50000000
js	210	205	1349271473132	14397440	3096696	6131200	0.8.11	3.11.10.22	50000000
js	211	205	1349271473337	14401536	3099048	6131200	0.8.11	3.11.10.22	50000000
js	212	205	1349271473542	14401536	3101400	6131200	0.8.11	3.11.10.22	50000000
js	213	204	1349271473746	14405632	3103784	6131200	0.8.11	3.11.10.22	50000000
js	214	205	1349271473951	14409728	3106168	6131200	0.8.11	3.11.10.22	50000000
js	215	205	1349271474156	14409728	3108520	6131200	0.8.11	3.11.10.22	50000000
js	216	205	1349271474361	14417920	3111136	6131200	0.8.11	3.11.10.22	50000000
js	217	202	1349271474564	14417920	3113520	6131200	0.8.11	3.11.10.22	50000000
js	218	204	1349271474768	14422016	3115904	6131200	0.8.11	3.11.10.22	50000000
js	219	203	1349271474971	14422016	3118352	6131200	0.8.11	3.11.10.22	50000000
js	220	207	1349271475178	14426112	3120704	6131200	0.8.11	3.11.10.22	50000000
js	221	206	1349271475384	14430208	3123088	6131200	0.8.11	3.11.10.22	50000000
js	222	206	1349271475590	14430208	3125536	6131200	0.8.11	3.11.10.22	50000000
js	223	203	1349271475793	14434304	3127856	6131200	0.8.11	3.11.10.22	50000000
js	224	203	1349271475996	14434304	3130240	6131200	0.8.11	3.11.10.22	50000000
js	225	203	1349271476199	14438400	3132624	6131200	0.8.11	3.11.10.22	50000000
js	226	204	1349271476403	14438400	3134976	6131200	0.8.11	3.11.10.22	50000000
js	227	207	1349271476611	14442496	3137328	6131200	0.8.11	3.11.10.22	50000000
js	228	202	1349271476813	14446592	3139776	6131200	0.8.11	3.11.10.22	50000000
js	229	201	1349271477014	14450688	3143408	6131200	0.8.11	3.11.10.22	50000000
js	230	202	1349271477216	14454784	3145792	6131200	0.8.11	3.11.10.22	50000000
js	231	203	1349271477419	14458880	3148240	6131200	0.8.11	3.11.10.22	50000000
js	232	206	1349271477625	14458880	3150624	6131200	0.8.11	3.11.10.22	50000000
js	233	206	1349271477831	14462976	3152976	6131200	0.8.11	3.11.10.22	50000000
js	234	204	1349271478036	14462976	3155560	6131200	0.8.11	3.11.10.22	50000000
js	235	203	1349271478239	14467072	3157912	6131200	0.8.11	3.11.10.22	50000000
js	236	203	1349271478442	14467072	3160296	6131200	0.8.11	3.11.10.22	50000000
js	237	206	1349271478648	14471168	3162680	6131200	0.8.11	3.11.10.22	50000000
js	238	205	1349271478853	14475264	3165064	6131200	0.8.11	3.11.10.22	50000000
js	239	204	1349271479057	14475264	3167448	6131200	0.8.11	3.11.10.22	50000000
js	240	203	1349271479260	14479360	3169864	6131200	0.8.11	3.11.10.22	50000000
js	241	204	1349271479465	14479360	3172248	6131200	0.8.11	3.11.10.22	50000000
js	242	204	1349271479670	14483456	3174568	6131200	0.8.11	3.11.10.22	50000000
js	243	206	1349271479876	14483456	3176984	6131200	0.8.11	3.11.10.22	50000000
js	244	206	1349271480082	14487552	3179368	6131200	0.8.11	3.11.10.22	50000000
js	245	208	1349271480291	14491648	3181752	6131200	0.8.11	3.11.10.22	50000000
js	246	205	1349271480496	14491648	3184200	6131200	0.8.11	3.11.10.22	50000000
js	247	203	1349271480699	14495744	3186584	6131200	0.8.11	3.11.10.22	50000000
js	248	203	1349271480902	14495744	3188968	6131200	0.8.11	3.11.10.22	50000000
js	249	203	1349271481105	14499840	3191352	6131200	0.8.11	3.11.10.22	50000000
js	250	202	1349271481307	14499840	3193704	6131200	0.8.11	3.11.10.22	50000000
js	251	204	1349271481511	14503936	3196088	6131200	0.8.11	3.11.10.22	50000000
js	252	205	1349271481716	14508032	3198704	6131200	0.8.11	3.11.10.22	50000000
js	253	205	1349271481921	14508032	3201088	6131200	0.8.11	3.11.10.22	50000000
js	254	202	1349271482123	14512128	3203472	6131200	0.8.11	3.11.10.22	50000000
js	255	201	1349271482324	14512128	3205920	6131200	0.8.11	3.11.10.22	50000000
js	256	204	1349271482528	14516224	3208272	6131200	0.8.11	3.11.10.22	50000000
js	257	206	1349271482734	14516224	3210656	6131200	0.8.11	3.11.10.22	50000000
js	258	205	1349271482939	14520320	3213104	6131200	0.8.11	3.11.10.22	50000000
js	259	203	1349271483142	14524416	3215488	6131200	0.8.11	3.11.10.22	50000000
js	260	204	1349271483346	14524416	3217872	6131200	0.8.11	3.11.10.22	50000000
js	261	214	1349271483560	14528512	3220288	6131200	0.8.11	3.11.10.22	50000000
js	262	211	1349271483771	14528512	3222672	6131200	0.8.11	3.11.10.22	50000000
js	263	207	1349271483978	14532608	3225024	6131200	0.8.11	3.11.10.22	50000000
js	264	206	1349271484184	14532608	3227472	6131200	0.8.11	3.11.10.22	50000000
js	265	206	1349271484390	14536704	3229856	6131200	0.8.11	3.11.10.22	50000000
js	266	203	1349271484593	14540800	3232240	6131200	0.8.11	3.11.10.22	50000000
js	267	203	1349271484796	14540800	3234688	6131200	0.8.11	3.11.10.22	50000000
js	268	201	1349271484998	14544896	3237072	6131200	0.8.11	3.11.10.22	50000000
js	269	202	1349271485200	14544896	3240704	6131200	0.8.11	3.11.10.22	50000000
js	270	203	1349271485403	14548992	3243288	6131200	0.8.11	3.11.10.22	50000000
js	271	203	1349271485606	14553088	3245672	6131200	0.8.11	3.11.10.22	50000000
js	272	202	1349271485808	14553088	3248024	6131200	0.8.11	3.11.10.22	50000000
js	273	202	1349271486010	14557184	3250440	6131200	0.8.11	3.11.10.22	50000000
js	274	204	1349271486214	14557184	3252792	6131200	0.8.11	3.11.10.22	50000000
js	275	201	1349271486415	14561280	3255144	6131200	0.8.11	3.11.10.22	50000000
js	276	204	1349271486619	14561280	3257592	6131200	0.8.11	3.11.10.22	50000000
js	277	203	1349271486822	14565376	3259912	6131200	0.8.11	3.11.10.22	50000000
js	278	201	1349271487023	14569472	3262296	6131200	0.8.11	3.11.10.22	50000000
js	279	202	1349271487226	14569472	3264744	6131200	0.8.11	3.11.10.22	50000000
js	280	202	1349271487428	14573568	3267096	6131200	0.8.11	3.11.10.22	50000000
js	281	202	1349271487630	14573568	3269448	6131200	0.8.11	3.11.10.22	50000000
js	282	202	1349271487832	14577664	3271832	6131200	0.8.11	3.11.10.22	50000000
js	283	203	1349271488035	14581760	3275432	6131200	0.8.11	3.11.10.22	50000000
js	284	202	1349271488237	14581760	3277816	6131200	0.8.11	3.11.10.22	50000000
js	285	203	1349271488440	14585856	3280264	6131200	0.8.11	3.11.10.22	50000000
js	286	203	1349271488643	14585856	3282616	6131200	0.8.11	3.11.10.22	50000000
js	287	202	1349271488845	14589952	3284936	6131200	0.8.11	3.11.10.22	50000000
js	288	204	1349271489049	14594048	3287552	6131200	0.8.11	3.11.10.22	50000000
js	289	203	1349271489252	14594048	3289936	6131200	0.8.11	3.11.10.22	50000000
js	290	202	1349271489454	14602240	3292288	6131200	0.8.11	3.11.10.22	50000000
js	291	203	1349271489657	14602240	3294736	6131200	0.8.11	3.11.10.22	50000000
js	292	203	1349271489860	14606336	3297056	6131200	0.8.11	3.11.10.22	50000000
js	293	203	1349271490063	14606336	3299408	6131200	0.8.11	3.11.10.22	50000000
js	294	201	1349271490264	14610432	3301856	6131200	0.8.11	3.11.10.22	50000000
js	295	203	1349271490467	14614528	3304240	6131200	0.8.11	3.11.10.22	50000000
js	296	202	1349271490670	14614528	3306624	6131200	0.8.11	3.11.10.22	50000000
js	297	203	1349271490873	14618624	3309072	6131200	0.8.11	3.11.10.22	50000000
js	298	202	1349271491075	14618624	3311424	6131200	0.8.11	3.11.10.22	50000000
js	299	203	1349271491278	14622720	3313776	6131200	0.8.11	3.11.10.22	50000000
js	300	203	1349271491481	14622720	3316192	6131200	0.8.11	3.11.10.22	50000000
js	301	202	1349271491683	14626816	3318576	6131200	0.8.11	3.11.10.22	50000000
js	302	202	1349271491885	14626816	3320928	6131200	0.8.11	3.11.10.22	50000000
js	303	201	1349271492086	14630912	3323312	6131200	0.8.11	3.11.10.22	50000000
js	304	203	1349271492289	14630912	3325696	6131200	0.8.11	3.11.10.22	50000000
js	305	204	1349271492493	14630912	3328048	6131200	0.8.11	3.11.10.22	50000000
js	306	202	1349271492695	14630912	3330664	6131200	0.8.11	3.11.10.22	50000000
js	307	201	1349271492896	14630912	3333048	6131200	0.8.11	3.11.10.22	50000000
js	308	201	1349271493097	14630912	3335400	6131200	0.8.11	3.11.10.22	50000000
js	309	201	1349271493298	14630912	3337784	6131200	0.8.11	3.11.10.22	50000000
js	310	202	1349271493500	14630912	3340104	6131200	0.8.11	3.11.10.22	50000000
js	311	202	1349271493703	14630912	3342488	6131200	0.8.11	3.11.10.22	50000000
js	312	200	1349271493903	14630912	3344936	6131200	0.8.11	3.11.10.22	50000000
js	313	202	1349271494105	14630912	3347320	6131200	0.8.11	3.11.10.22	50000000
js	314	201	1349271494306	14630912	3349704	6131200	0.8.11	3.11.10.22	50000000
js	315	204	1349271494510	14630912	3352088	6131200	0.8.11	3.11.10.22	50000000
js	316	201	1349271494712	14630912	2647160	6131200	0.8.11	3.11.10.22	50000000
js	317	203	1349271494915	14893056	2649480	6131200	0.8.11	3.11.10.22	50000000
js	318	205	1349271495120	14893056	2651928	6131200	0.8.11	3.11.10.22	50000000
js	319	200	1349271495320	14893056	2654280	6131200	0.8.11	3.11.10.22	50000000
js	320	203	1349271495523	14893056	2656664	6131200	0.8.11	3.11.10.22	50000000
js	321	202	1349271495725	14893056	2659080	6131200	0.8.11	3.11.10.22	50000000
js	322	202	1349271495927	14893056	2661464	6131200	0.8.11	3.11.10.22	50000000
js	323	200	1349271496127	14893056	2665096	6131200	0.8.11	3.11.10.22	50000000
js	324	201	1349271496328	14893056	2667712	6131200	0.8.11	3.11.10.22	50000000
js	325	205	1349271496533	14893056	2670064	6131200	0.8.11	3.11.10.22	50000000
js	326	204	1349271496739	14893056	2672416	6131200	0.8.11	3.11.10.22	50000000
js	327	207	1349271496946	14893056	2674864	6131200	0.8.11	3.11.10.22	50000000
js	328	205	1349271497151	14893056	2677216	6131200	0.8.11	3.11.10.22	50000000
js	329	203	1349271497354	14893056	2679568	6131200	0.8.11	3.11.10.22	50000000
js	330	206	1349271497560	14893056	2681984	6131200	0.8.11	3.11.10.22	50000000
js	331	202	1349271497762	14893056	2684368	6131200	0.8.11	3.11.10.22	50000000
js	332	202	1349271497964	14893056	2686752	6131200	0.8.11	3.11.10.22	50000000
js	333	202	1349271498166	14893056	2689200	6131200	0.8.11	3.11.10.22	50000000
js	334	201	1349271498367	14893056	2691584	6131200	0.8.11	3.11.10.22	50000000
js	335	203	1349271498570	14893056	2693936	6131200	0.8.11	3.11.10.22	50000000
js	336	202	1349271498772	14893056	2696352	6131200	0.8.11	3.11.10.22	50000000
js	337	202	1349271498974	14893056	2698736	6131200	0.8.11	3.11.10.22	50000000
js	338	204	1349271499178	14893056	2701120	6131200	0.8.11	3.11.10.22	50000000
js	339	202	1349271499380	14893056	2703568	6131200	0.8.11	3.11.10.22	50000000
js	340	201	1349271499582	14893056	2705952	6131200	0.8.11	3.11.10.22	50000000
js	341	202	1349271499784	14893056	2708304	6131200	0.8.11	3.11.10.22	50000000
js	342	203	1349271499988	14893056	2710920	6131200	0.8.11	3.11.10.22	50000000
js	343	201	1349271500189	14893056	2713272	6131200	0.8.11	3.11.10.22	50000000
js	344	204	1349271500393	14893056	2715624	6131200	0.8.11	3.11.10.22	50000000
js	345	202	1349271500595	14893056	2718072	6131200	0.8.11	3.11.10.22	50000000
js	346	203	1349271500799	14893056	2720456	6131200	0.8.11	3.11.10.22	50000000
js	347	201	1349271501000	14893056	2722808	6131200	0.8.11	3.11.10.22	50000000
js	348	203	1349271501203	14893056	2725224	6131200	0.8.11	3.11.10.22	50000000
js	349	203	1349271501406	14893056	2727576	6131200	0.8.11	3.11.10.22	50000000
js	350	204	1349271501610	14893056	2729896	6131200	0.8.11	3.11.10.22	50000000
js	351	203	1349271501813	14893056	2732344	6131200	0.8.11	3.11.10.22	50000000
js	352	202	1349271502015	14893056	2734664	6131200	0.8.11	3.11.10.22	50000000
js	353	203	1349271502218	14897152	2740544	6131200	0.8.11	3.11.10.22	50000000
js	354	202	1349271502420	14897152	2742960	6131200	0.8.11	3.11.10.22	50000000
js	355	201	1349271502621	14897152	2745312	6131200	0.8.11	3.11.10.22	50000000
js	356	203	1349271502824	14897152	2747664	6131200	0.8.11	3.11.10.22	50000000
js	357	201	1349271503025	14897152	2750080	6131200	0.8.11	3.11.10.22	50000000
js	358	203	1349271503228	14897152	2752432	6131200	0.8.11	3.11.10.22	50000000
js	359	202	1349271503430	14897152	2754784	6131200	0.8.11	3.11.10.22	50000000
js	360	203	1349271503634	14897152	2757336	6131200	0.8.11	3.11.10.22	50000000
js	361	202	1349271503836	14897152	2759656	6131200	0.8.11	3.11.10.22	50000000
js	362	203	1349271504039	14897152	2761976	6131200	0.8.11	3.11.10.22	50000000
js	363	203	1349271504242	14901248	2765608	6131200	0.8.11	3.11.10.22	50000000
js	364	204	1349271504446	14901248	2767960	6131200	0.8.11	3.11.10.22	50000000
js	365	203	1349271504649	14901248	2770312	6131200	0.8.11	3.11.10.22	50000000
js	366	202	1349271504852	14901248	2772760	6131200	0.8.11	3.11.10.22	50000000
js	367	202	1349271505054	14901248	2775112	6131200	0.8.11	3.11.10.22	50000000
js	368	203	1349271505257	14901248	2777432	6131200	0.8.11	3.11.10.22	50000000
js	369	202	1349271505459	14901248	2779880	6131200	0.8.11	3.11.10.22	50000000
js	370	203	1349271505662	14901248	2782200	6131200	0.8.11	3.11.10.22	50000000
js	371	202	1349271505864	14901248	2784584	6131200	0.8.11	3.11.10.22	50000000
js	372	203	1349271506067	14901248	2786968	6131200	0.8.11	3.11.10.22	50000000
js	373	202	1349271506269	14901248	2789352	6131200	0.8.11	3.11.10.22	50000000
js	374	204	1349271506473	14901248	2791672	6131200	0.8.11	3.11.10.22	50000000
js	375	202	1349271506676	14901248	2794088	6131200	0.8.11	3.11.10.22	50000000
js	376	202	1349271506878	14901248	2796440	6131200	0.8.11	3.11.10.22	50000000
js	377	201	1349271507079	14901248	2798760	6131200	0.8.11	3.11.10.22	50000000
js	378	201	1349271507281	14901248	2801376	6131200	0.8.11	3.11.10.22	50000000
js	379	202	1349271507483	14901248	2803760	6131200	0.8.11	3.11.10.22	50000000
js	380	203	1349271507686	14901248	2806080	6131200	0.8.11	3.11.10.22	50000000
js	381	203	1349271507889	14901248	2808528	6131200	0.8.11	3.11.10.22	50000000
js	382	205	1349271508094	14901248	2810912	6131200	0.8.11	3.11.10.22	50000000
js	383	204	1349271508298	14901248	2813296	6131200	0.8.11	3.11.10.22	50000000
js	384	202	1349271508500	14901248	2815712	6131200	0.8.11	3.11.10.22	50000000
js	385	202	1349271508702	14901248	2818064	6131200	0.8.11	3.11.10.22	50000000
js	386	204	1349271508906	14901248	2820384	6131200	0.8.11	3.11.10.22	50000000
js	387	202	1349271509108	14901248	2822800	6131200	0.8.11	3.11.10.22	50000000
js	388	202	1349271509310	14901248	2825152	6131200	0.8.11	3.11.10.22	50000000
js	389	202	1349271509512	14901248	2827472	6131200	0.8.11	3.11.10.22	50000000
js	390	203	1349271509715	14901248	2829856	6131200	0.8.11	3.11.10.22	50000000
js	391	202	1349271509917	14901248	2834056	6131200	0.8.11	3.11.10.22	50000000
js	392	202	1349271510119	14901248	2836376	6131200	0.8.11	3.11.10.22	50000000
js	393	201	1349271510320	14901248	2838760	6131200	0.8.11	3.11.10.22	50000000
js	394	200	1349271510520	14901248	2841144	6131200	0.8.11	3.11.10.22	50000000
js	395	203	1349271510724	14901248	2843496	6131200	0.8.11	3.11.10.22	50000000
js	396	202	1349271510926	14901248	2846112	6131200	0.8.11	3.11.10.22	50000000
js	397	202	1349271511128	14987264	2861872	6131200	0.8.11	3.11.10.22	50000000
js	398	203	1349271511331	15007744	2871840	6131200	0.8.11	3.11.10.22	50000000
js	399	202	1349271511534	15011840	2881576	6131200	0.8.11	3.11.10.22	50000000
js	400	202	1349271511736	15011840	2883960	6131200	0.8.11	3.11.10.22	50000000
js	401	203	1349271511939	15011840	2886280	6131200	0.8.11	3.11.10.22	50000000
js	402	211	1349271512151	15011840	2888664	6131200	0.8.11	3.11.10.22	50000000
js	403	205	1349271512357	15024128	2891016	6131200	0.8.11	3.11.10.22	50000000
js	404	205	1349271512562	15024128	2893400	6131200	0.8.11	3.11.10.22	50000000
js	405	208	1349271512770	15024128	2895784	6131200	0.8.11	3.11.10.22	50000000
js	406	208	1349271512978	15024128	2898168	6131200	0.8.11	3.11.10.22	50000000
js	407	206	1349271513184	15024128	2900552	6131200	0.8.11	3.11.10.22	50000000
js	408	208	1349271513392	15024128	2903000	6131200	0.8.11	3.11.10.22	50000000
js	409	205	1349271513598	15024128	2905384	6131200	0.8.11	3.11.10.22	50000000
js	410	207	1349271513805	15024128	2907704	6131200	0.8.11	3.11.10.22	50000000
js	411	209	1349271514014	15024128	2910120	6131200	0.8.11	3.11.10.22	50000000
js	412	205	1349271514219	15024128	2912472	6131200	0.8.11	3.11.10.22	50000000
js	413	206	1349271514425	15024128	2914824	6131200	0.8.11	3.11.10.22	50000000
js	414	208	1349271514633	15024128	2917440	6131200	0.8.11	3.11.10.22	50000000
js	415	206	1349271514840	15024128	2919824	6131200	0.8.11	3.11.10.22	50000000
js	416	204	1349271515044	15024128	2922208	6131200	0.8.11	3.11.10.22	50000000
js	417	206	1349271515250	15024128	2924656	6131200	0.8.11	3.11.10.22	50000000
js	418	208	1349271515458	15024128	2927040	6131200	0.8.11	3.11.10.22	50000000
js	419	208	1349271515666	15024128	2929424	6131200	0.8.11	3.11.10.22	50000000
js	420	207	1349271515873	15024128	2931872	6131200	0.8.11	3.11.10.22	50000000
js	421	205	1349271516078	15024128	2934224	6131200	0.8.11	3.11.10.22	50000000
js	422	204	1349271516282	15024128	2936576	6131200	0.8.11	3.11.10.22	50000000
js	423	209	1349271516491	15024128	2939024	6131200	0.8.11	3.11.10.22	50000000
js	424	208	1349271516699	15024128	2941376	6131200	0.8.11	3.11.10.22	50000000
js	425	204	1349271516903	15024128	2943760	6131200	0.8.11	3.11.10.22	50000000
js	426	204	1349271517108	15024128	2946208	6131200	0.8.11	3.11.10.22	50000000
js	427	205	1349271517313	15024128	2948592	6131200	0.8.11	3.11.10.22	50000000
js	428	206	1349271517519	15024128	2950944	6131200	0.8.11	3.11.10.22	50000000
js	429	208	1349271517727	15024128	2953392	6131200	0.8.11	3.11.10.22	50000000
js	430	207	1349271517934	15024128	2955776	6131200	0.8.11	3.11.10.22	50000000
js	431	208	1349271518142	15024128	2958128	6131200	0.8.11	3.11.10.22	50000000
js	432	206	1349271518348	15024128	2960744	6131200	0.8.11	3.11.10.22	50000000
js	433	207	1349271518555	15024128	2963128	6131200	0.8.11	3.11.10.22	50000000
js	434	205	1349271518760	15024128	2965448	6131200	0.8.11	3.11.10.22	50000000
js	435	206	1349271518966	15024128	2967864	6131200	0.8.11	3.11.10.22	50000000
js	436	207	1349271519173	15028224	2970248	6131200	0.8.11	3.11.10.22	50000000
js	437	208	1349271519381	15028224	2972632	6131200	0.8.11	3.11.10.22	50000000
js	438	206	1349271519587	15028224	2975048	6131200	0.8.11	3.11.10.22	50000000
js	439	206	1349271519793	15028224	2977400	6131200	0.8.11	3.11.10.22	50000000
js	440	206	1349271519999	15028224	2979720	6131200	0.8.11	3.11.10.22	50000000
js	441	205	1349271520204	15028224	2982104	6131200	0.8.11	3.11.10.22	50000000
